artist,song,lyricId,danceability,energy,key,loudness,mode,speechiness,acousticness,instrumentalness,liveness,valence,tempo,uri,duration_ms
'Til Tuesday,Coming Up Close,13835,0.368,0.473,8,-14.943,1,0.0316,0.181,0.000251,0.0665,0.273,80.186,spotify:track:6ZCkhQPdBtUzZPkkO1o9cx,280000
Lone Justice,Shelter,13836,0.616,0.551,0,-11.483,1,0.029,0.33,3.66e-05,0.0685,0.42,120.394,spotify:track:4Qc3HXKmf2xbDqzqd2Klfg,273600
Huey Lewis & The News,Jacob's Ladder,13837,0.671,0.579,10,-13.021,1,0.0293,0.0147,0.0,0.116,0.659,117.68,spotify:track:0huRoriGPIi0vSHFV2f3C9,213760
Bruce Willis,Respect Yourself,13838,0.731,0.591,7,-11.804,0,0.0343,0.064,0.00014,0.347,0.578,118.59,spotify:track:0kCZaMtxJtEGTSyMllPTNn,233160
Janet Jackson,Let's Wait Awhile,13840,0.592,0.2,1,-16.392,1,0.0344,0.823,0.0,0.101,0.382,172.647,spotify:track:3333YXdcyths5CB8v28dZj,277400
Shirley Murdock,As We Lay,13841,0.421,0.323,8,-9.651,1,0.0452,0.436,0.0,0.156,0.16,72.288,spotify:track:3HNjLJb6VfoP0VC30TdxyE,359000
Lionel Richie,Deep River Woman,13842,0.496,0.351,8,-12.839,1,0.0297,0.468,5.86e-06,0.103,0.259,134.808,spotify:track:3jBzwtoPVNr8GC5SfcwLB9,276760
Crowded House,Don't Dream It's Over,13843,0.502,0.683,0,-8.19,0,0.0472,0.71,1.98e-06,0.18,0.734,82.626,spotify:track:0fiSpF9mvRFQWy0ca64d1g,194948
Sweet Sensation,Hooked On You,13844,0.779,0.797,1,-7.081,1,0.0581,0.00975,0.0249,0.171,0.96,115.244,spotify:track:10YVwkKPhlLgivLOM54IyH,310960
Nocera,"Summertime, Summertime",13845,0.74,0.911,10,-4.146,0,0.0866,0.014,0.46,0.122,0.876,115.828,spotify:track:4tSteFXglCBaG6sFvYCBVX,206613
Expose,Come Go With Me,13847,0.524,0.735,7,-9.708,1,0.0387,0.0097,0.0139,0.0615,0.866,119.907,spotify:track:5a3QwvHiJO4fKWJqsPkJvB,257827
Wang Chung,Let's Go!,13848,0.73,0.792,6,-5.238,1,0.043,0.211,0.0,0.0824,0.879,120.006,spotify:track:2yDV5qoANkgz4DQLGil59X,266254
a-ha,Cry Wolf,13849,0.652,0.772,9,-7.451,0,0.0349,0.104,0.668,0.0745,0.776,131.18,spotify:track:4aPf0wQ6VBlRqWABaVjfRN,246587
Europe,The Final Countdown,13850,0.529,0.843,6,-6.908,0,0.0616,0.0628,0.000827,0.0608,0.188,117.662,spotify:track:3MrRksHupTVEQ7YbA0FsZK,310333
Howard Jones,All I Want,13851,0.611,0.868,3,-7.982,1,0.0294,0.0397,0.00523,0.28,0.424,113.167,spotify:track:70nB7hTC7FDiYoJp0TVwnp,275733
Peter Cetera,Big Mistake,13852,0.729,0.648,1,-13.057,0,0.0304,0.0743,0.0065,0.115,0.882,134.603,spotify:track:4xP9idy2nfJTJMnba8LY55,342560
Daryl Hall,Someone Like You,13853,0.602,0.565,9,-9.27,0,0.0288,0.0598,0.000159,0.0521,0.604,163.84,spotify:track:5ViezGjtsBX64ba2d7KWvi,333040
Hipsway,The Honeythief,13856,0.8,0.604,11,-12.282,1,0.0353,0.25,1.36e-06,0.0808,0.932,111.145,spotify:track:1bkSzATaKPaDglvqKMw3QE,190973
Starship,Nothing's Gonna Stop Us Now,13857,0.643,0.802,6,-4.92,1,0.0227,0.0299,0.0,0.0719,0.53,95.99,spotify:track:3X7uFMzJrEE0sxn62qd8Ch,270333
REO Speedwagon,That Ain't Love,13858,0.625,0.871,11,-6.843,0,0.0282,0.0185,2.52e-06,0.0733,0.661,131.959,spotify:track:4xuaYDjRnSWO7o51gHKiRa,241733
Bruce Springsteen,Fire,13859,0.62,0.446,1,-14.451,0,0.0347,0.589,0.0299,0.0727,0.868,88.591,spotify:track:3PzsbWSQdLCKDLxn7YZfkM,155880
Lou Gramm,Midnight Blue,13860,0.641,0.836,0,-7.155,1,0.0284,0.105,0.0335,0.0714,0.659,113.758,spotify:track:4iQZi2sMZlbTpcUlo5YGBf,234693
Duran Duran,Skin Trade,13861,0.673,0.693,11,-13.579,0,0.0521,0.0675,7.31e-06,0.0557,0.747,90.056,spotify:track:0sEP94eLdxXmK0XyuGeB8f,356920
Eight Seconds,Kiss You (When It's Dangerous),13862,0.675,0.638,4,-10.801,0,0.0289,0.0397,0.0672,0.0513,0.875,110.968,spotify:track:7kr2ERTiInbHXCOHDhl2P9,247693
Tina Turner,What You Get Is What You See,13863,0.623,0.628,5,-10.253,1,0.0349,0.0153,0.0218,0.244,0.929,156.292,spotify:track:5tZvekvsTuNO6zjQ40fDm7,271533
Pretenders,My Baby,13864,0.549,0.761,4,-7.135,1,0.0281,0.00237,0.0298,0.733,0.69,92.331,spotify:track:6kpDRDU50wYcRQPvFFeLXG,247803
Kool & The Gang,Stone Love,13865,0.693,0.575,1,-17.068,1,0.0313,0.068,0.000704,0.249,0.916,109.99,spotify:track:79rKHltKL1T8rS98lOv3yF,275040
The Robert Cray Band,Smoking Gun,13866,0.478,0.702,4,-10.71,0,0.0617,0.0399,0.000765,0.866,0.64,125.28,spotify:track:5vOK3ksL1X3MNe2o48lWTU,435293
Rob Jungklas,Make It Mean Something,13867,0.503,0.794,9,-9.427,1,0.0534,0.125,5.3e-06,0.2,0.68,117.108,spotify:track:2T8kbLmiTRcbivETQyksel,235960
Sheila E.,Hold Me,13868,0.622,0.382,2,-15.851,0,0.0451,0.229,7.13e-06,0.284,0.564,76.164,spotify:track:4RewkMQk5g1FRRsiTJdGUP,302533
Steve Winwood,The Finer Things,13869,0.782,0.713,2,-6.999,0,0.0325,0.179,0.0321,0.105,0.572,124.674,spotify:track:0qrOEuhMXqAyMMyfOCZ2yC,251200
Freddie Jackson,Have You Ever Loved Somebody,13870,0.689,0.423,4,-12.85,0,0.0376,0.43,3.16e-06,0.213,0.715,89.746,spotify:track:4uSpCtFtrK65GoqJpQj6V6,277307
Genesis,"Tonight, Tonight, Tonight",13871,0.571,0.502,7,-14.405,1,0.0303,0.0158,0.014,0.0849,0.316,98.058,spotify:track:3qmYlsTbC9CD9SGoVmaEDa,530560
Club Nouveau,Lean On Me,13872,0.738,0.67,0,-8.93,1,0.132,0.185,0.0,0.0989,0.687,177.278,spotify:track:6HhKj3GiPxDI6ME9Pjx0YU,348573
Chris de Burgh,The Lady In Red,13874,0.548,0.294,10,-17.112,1,0.0333,0.332,3.34e-06,0.0392,0.491,76.698,spotify:track:1GeNWyZtCHbcp3ZWp8GTOO,256173
Robbie Nevil,Dominoes,13875,0.662,0.788,11,-11.631,0,0.0351,0.139,8.88e-05,0.415,0.956,123.74,spotify:track:6BkC46O15r8lWHasADnZ3F,286200
Glenn Medeiros,Nothing's Gonna Change My Love For You,13876,0.449,0.425,1,-13.208,1,0.0372,0.568,1.57e-06,0.0553,0.39,141.869,spotify:track:7pUJSr5pgnQjCTc7PfiUVA,231587
Donna Allen,Serious,13877,0.869,0.563,10,-9.251,0,0.0588,0.146,1.36e-05,0.0727,0.775,110.763,spotify:track:1MeTDprAANy4JqeIkxohn5,332487
Kansas,Power,13878,0.477,0.556,9,-12.066,1,0.0368,0.0323,2.61e-06,0.149,0.486,200.371,spotify:track:0a0AgpXGzXsIRztBZHyw0j,266400
The Bangles,Walking Down Your Street,13879,0.647,0.821,0,-7.062,1,0.0289,0.0155,2.19e-05,0.128,0.864,149.878,spotify:track:3yZfr93nZnVPvvoBJxbI2b,183267
Survivor,How Much Love,13882,0.562,0.836,7,-8.73,1,0.0398,0.204,5.67e-06,0.0867,0.74,129.211,spotify:track:2Br1qzf8rH7LIvAzohfW4A,237200
Gregory Abbott,I Got The Feelin' (It's Over),13883,0.617,0.502,3,-10.632,1,0.0311,0.596,9.82e-05,0.156,0.814,177.831,spotify:track:1OGlYu1tdtIf0cJaSydRav,250040
Ratt,Dance,13884,0.559,0.903,8,-9.5,1,0.0467,0.00151,0.0163,0.138,0.741,128.946,spotify:track:4kdy7pEmy9rvSUjTt5wFhV,261387
The Pointer Sisters,All I Know Is The Way I Feel,13885,0.638,0.623,7,-7.927,1,0.0298,0.421,0.0,0.131,0.58,88.8,spotify:track:5wa6RYje89KbruKNFdsIy0,282000
Mel & Kim,Showing Out (Get Fresh At The Weekend),13886,0.703,0.838,4,-11.782,0,0.0638,0.00613,0.0129,0.137,0.767,119.771,spotify:track:5hVUbtzEMl8BLwZCG0ZMtD,214867
Glass Tiger,I Will Be There,13888,0.514,0.846,4,-9.807,1,0.0394,0.376,2.45e-06,0.0588,0.588,123.724,spotify:track:3A2oK3K75xAtvSmm9Tsli2,209000
The Cover Girls,Show Me,13890,0.708,0.628,0,-11.354,0,0.0393,0.00486,0.0,0.0565,0.776,113.412,spotify:track:3rVHrg2msB9jIvNsj0ceQM,230493
Run-D.M.C.,It's Tricky,13892,0.965,0.857,11,-8.458,0,0.17,0.00131,0.0,0.0726,0.951,127.656,spotify:track:6jBCehpNMkwFVF3dz4nLIW,183760
Herb Alpert,Keep Your Eye On Me,13893,0.799,0.74,1,-11.582,1,0.0583,0.00155,0.634,0.317,0.642,114.623,spotify:track:5VfDzABjNv0hPYAgqWvXn8,312320
Simply Red,The Right Thing,13894,0.615,0.917,4,-7.318,1,0.0348,0.17,0.00669,0.287,0.766,104.879,spotify:track:2ZfALE4EncKJFqsEwDkrl9,257640
Prince,Sign 'O' The Times,13896,0.794,0.431,0,-10.182,1,0.0854,0.00524,0.033,0.0794,0.498,98.875,spotify:track:7CqFMR3yj95Yuwagq5XsLR,296497
Paul Lekakis,Boom Boom (Let's Go Back To My Room),13897,0.773,0.959,11,-4.645,0,0.0329,0.16,8.32e-05,0.0737,0.979,130.014,spotify:track:0wX48V9PoM99s01DE9DcHY,281420
Cutting Crew,(I Just) Died In Your Arms,13899,0.625,0.726,11,-11.402,0,0.0444,0.0158,0.000169,0.0625,0.507,124.945,spotify:track:4ByEFOBuLXpCqvO1kw8Wdm,280400
Jody Watley,Looking For A New Love,13900,0.905,0.604,4,-7.433,0,0.0413,0.149,9.24e-05,0.0523,0.899,109.196,spotify:track:7BeV8s7R68eqPelMmvp5tu,242400
Paul Simon,The Boy In The Bubble,13901,0.62,0.703,2,-7.854,1,0.0836,0.479,0.0,0.14,0.559,136.155,spotify:track:00IrSynHsun7DpDrLkRIjM,239693
Kenny Loggins,Meet Me Half Way,13902,0.635,0.395,4,-13.005,1,0.0266,0.0929,0.0,0.27,0.334,117.096,spotify:track:5CdX4HXMRxyldTVxXDrzSA,219533
Tia,Boy Toy,13903,0.688,0.771,5,-8.829,0,0.0357,0.00612,4.18e-05,0.083,0.874,121.021,spotify:track:0L7oP7SMdPfPWlRJy0Vd2m,422053
Cyndi Lauper,What's Going On,13905,0.37,0.726,7,-7.907,0,0.0446,0.27,0.0397,0.109,0.43,96.913,spotify:track:3GS17AkSwwy1g7W9zQoeCf,278400
Poison,Talk Dirty To Me,13906,0.491,0.957,11,-3.67,1,0.096,0.00853,0.000879,0.371,0.635,158.067,spotify:track:08QP0rwnQSbbpGRIuXfrAY,223733
Psychedelic Furs,Heartbreak Beat,13908,0.542,0.691,7,-11.094,1,0.0366,0.162,0.000133,0.085,0.678,122.719,spotify:track:0DGfclu8baokgVcqSowXzI,309360
Starpoint,He Wants My Body,13909,0.695,0.927,2,-10.4,0,0.0499,0.277,0.331,0.153,0.944,116.145,spotify:track:5zTSpy8JYqYUUQ65cbnqmd,282027
Samantha Fox,"Do Ya, Do Ya (Wanna Please Me)",13911,0.527,0.899,10,-9.881,0,0.0795,0.0604,3.93e-05,0.296,0.592,170.127,spotify:track:487g8FbkUPBWiWSzrMNGsm,224267
Madonna,La Isla Bonita,13912,0.725,0.612,1,-10.706,0,0.0372,0.302,1.63e-05,0.0548,0.965,99.978,spotify:track:6r8k1vznHrzlEKYxL4dZEe,242320
U2,With or Without You,13913,0.54,0.429,2,-11.822,1,0.0285,0.000202,0.355,0.141,0.113,110.171,spotify:track:6ADSaE87h8Y3lccZlBJdXH,295516
Beastie Boys,Brass Monkey,13914,0.914,0.586,6,-8.435,0,0.33,0.00203,1.58e-06,0.0992,0.655,116.371,spotify:track:2tY1gxCKslfXLFpFofYmJQ,157440
Company B,Fascinated,13916,0.744,0.765,1,-12.174,1,0.0344,0.0393,0.707,0.258,0.831,119.743,spotify:track:1mk6Ts3Rl80ZiRuGdV8ydx,326467
Julian Cope,World Shut Your Mouth,13917,0.639,0.724,9,-10.143,0,0.0568,0.0202,1.61e-06,0.241,0.733,126.25,spotify:track:4JBkrs9CPkGdOiuFjh0V9A,214200
Anita Baker,Same Ole Love (365 Days A Year),13918,0.535,0.619,3,-13.602,1,0.0472,0.0651,5.99e-05,0.0475,0.735,192.881,spotify:track:4liqwUNS3CuCLZC3DfCIOY,242173
Fleetwood Mac,Big Love,13919,0.709,0.699,10,-11.905,0,0.0466,0.0291,0.295,0.0673,0.592,125.377,spotify:track:0hOA8SoraNo2ZP1amtVYnY,223733
Bryan Adams,Heat Of The Night,13920,0.486,0.853,4,-11.836,0,0.0297,0.257,0.000824,0.355,0.726,173.85,spotify:track:2xEhTQcmrRNaxfUOvSAgXo,307000
Lionel Richie,Se La,13921,0.82,0.412,2,-10.178,0,0.0588,0.244,6.05e-06,0.0681,0.691,130.97,spotify:track:2UsHiSLRO9JlmGvfiNyHbY,353653
Thompson Twins,Get That Love,13922,0.743,0.799,6,-5.366,1,0.027,0.0856,0.000129,0.0524,0.762,104.898,spotify:track:7KW0abVHZmldQV3KIn7bgf,235933
Atlantic Starr,Always,13923,0.606,0.532,7,-6.759,1,0.0256,0.403,0.000904,0.356,0.327,130.945,spotify:track:2TQaMcc3BEAF5Srn7FCipl,288493
Night Ranger,The Secret Of My Success,13924,0.612,0.777,7,-10.887,1,0.0403,0.168,0.0,0.256,0.588,121.316,spotify:track:3M2yrfGLuKQPpQGt01k3Po,267200
Smokey Robinson,Just To See Her,13925,0.821,0.379,4,-15.489,0,0.0334,0.153,0.0,0.0839,0.914,109.123,spotify:track:7LOYcC6phKAVOckgmVZJJT,244027
Corey Hart,Dancin' With My Mirror,13926,0.544,0.843,9,-12.479,0,0.035,0.112,7.21e-06,0.421,0.894,152.791,spotify:track:4R15NBoa2KgJtbDRx6OrQg,258933
Pseudo Echo,Living In A Dream,13927,0.564,0.958,9,-3.212,1,0.0587,0.00875,0.00387,0.284,0.611,129.681,spotify:track:3ertpqNsmoDueJvuHQGxOT,205594
The Georgia Satellites,Battleship Chains,13928,0.501,0.87,0,-7.705,1,0.0324,0.000522,0.00304,0.391,0.877,130.404,spotify:track:0dJEQ01IPN4ukqRsPrm4ab,177387
Kim Wilde,You Keep Me Hangin' On,13929,0.686,0.682,7,-12.154,0,0.033,0.0806,0.000155,0.14,0.708,123.44,spotify:track:1wEeNtO7z41aUqC80shxqK,255220
Huey Lewis & The News,I Know What I Like,13930,0.64,0.669,2,-11.029,1,0.0305,0.0354,1.54e-05,0.365,0.883,108.155,spotify:track:1eLd9qSFOGoHkmypQFVgw5,239600
David Bowie,Day-In Day-Out,13931,0.674,0.917,0,-5.593,1,0.0427,0.0227,4.91e-05,0.104,0.744,120.161,spotify:track:4C6hS2t2ixTOTe7shNmxnh,339360
Level 42,Lessons In Love,13932,0.709,0.839,7,-8.403,1,0.0367,0.159,0.00209,0.301,0.864,113.186,spotify:track:3EGI5qmVmGlfgy9BmNb1R8,246013
Bon Jovi,Wanted Dead Or Alive,13937,0.252,0.802,7,-3.976,1,0.0391,0.13,0.0146,0.309,0.253,150.056,spotify:track:0oerlffJSzhRVvtDfLcp3N,308667
Lisa Lisa And Cult Jam,Head To Toe,13939,0.879,0.511,11,-11.36,0,0.124,0.0425,0.0074,0.176,0.839,113.763,spotify:track:5VzqFMyPERPObMOzZdELuK,303267
Herb Alpert,Diamonds,13940,0.885,0.766,4,-10.997,1,0.0449,0.0743,0.000747,0.286,0.77,111.412,spotify:track:30iF3F3WvZ22dcNxI48lo7,293867
Eddie Money,Endless Nights,13941,0.633,0.61,6,-9.935,1,0.0316,0.238,0.000174,0.0696,0.688,111.55,spotify:track:1B1w0fZM7BKsgqa12dK9Gv,203760
Stacey Q,Shy Girl,13942,0.799,0.677,4,-11.599,0,0.0613,0.00568,0.0307,0.0361,0.728,119.798,spotify:track:20VjgF0Oyy4Yog1JqHu5KQ,291933
Frozen Ghost,Should I See,13943,0.592,0.956,9,-3.464,1,0.0326,0.0617,0.000244,0.711,0.87,115.941,spotify:track:5I4wTwJdBJgTE2NA0ErL5y,230985
The System,Don't Disturb This Groove,13945,0.558,0.958,11,-3.218,0,0.0652,0.12,6.37e-05,0.284,0.595,157.968,spotify:track:6DjkLcOUtKhPfizM0YTAyR,360501
Gino Vannelli,Wild Horses,13946,0.534,0.875,1,-5.637,1,0.0407,0.214,0.000184,0.0516,0.727,168.95,spotify:track:1dm00I58PW9kfpQ7su2opJ,356023
The Other Ones,We Are What We Are,13947,0.584,0.414,5,-14.554,1,0.0292,0.194,0.000222,0.0799,0.686,95.082,spotify:track:0lgVysYyoieXsuGTrN704U,265773
Newcity Rockers,Black Dog,13948,0.55,0.747,9,-8.687,0,0.0328,0.000669,0.000414,0.0831,0.805,95.476,spotify:track:3F92HdpLwf09U4qBPegoCs,238167
Kool Moe Dee,Go See The Doctor,13949,0.781,0.447,10,-13.725,0,0.195,0.00502,0.000804,0.0352,0.736,89.264,spotify:track:60z5ezmI1iL3s2pPEct4wh,333787
Genesis,In Too Deep,13950,0.669,0.435,8,-9.646,1,0.0244,0.534,9.51e-06,0.0879,0.302,103.548,spotify:track:4P0uyibZjcXZLVeNOHBd8Q,298093
Journey,Why Can't This Night Go On Forever,13951,0.346,0.73,9,-3.508,1,0.0365,0.266,6.38e-06,0.133,0.293,119.224,spotify:track:1w1D8I6pEIzHWgOUzppKCR,221440
Tom Petty And The Heartbreakers,Jammin' Me,13952,0.689,0.732,9,-11.391,1,0.0294,0.0325,4.08e-05,0.303,0.938,123.479,spotify:track:2AFJkvRUFVx0MccykGaHV2,249093
Cameo,Back And Forth,13953,0.887,0.624,6,-6.162,0,0.032,0.0826,2.37e-06,0.174,0.906,111.83,spotify:track:5npM7WGCaXDS5xO6Z9hJVj,231933
Cinderella,Somebody Save Me,13954,0.56,0.716,7,-12.447,1,0.0344,0.00208,0.00333,0.0405,0.723,132.364,spotify:track:3fjiaIx6KFssAz3C8TaUec,194560
Billy Idol,Sweet Sixteen,13955,0.595,0.594,9,-12.682,0,0.0326,0.563,0.0339,0.114,0.703,156.342,spotify:track:4XxMVIDKRAYKlZ6pLt9zJ2,257813
Dead Or Alive,Something In My House,13956,0.673,0.861,0,-11.198,1,0.0685,0.00103,0.0609,0.218,0.915,130.05,spotify:track:2fC5bC8MAQIvIwpElf2GbJ,441267
Rock And Hyde,Dirty Water,13957,0.651,0.831,0,-10.906,1,0.0439,0.00341,5.08e-05,0.0855,0.402,111.665,spotify:track:06fuh2rGOaoelcmpPTmFfD,260000
Partland Brothers,Soul City,13958,0.58,0.561,8,-13.091,1,0.0398,0.387,0.0,0.0561,0.793,97.138,spotify:track:4Shs08HBaH4AfUMomP27zT,232200
Duran Duran,Meet El Presidente,13959,0.686,0.74,0,-12.793,1,0.0302,0.0969,0.00026,0.215,0.955,119.972,spotify:track:2YdD7ItiVKXKpr5aQjeCTk,260227
Europe,Rock The Night,13960,0.57,0.931,4,-5.78,0,0.0503,0.0429,0.0,0.375,0.4,105.37,spotify:track:3J9NEWkd9Cx1MwSSvDySkL,247307
Crowded House,Something So Strong,13961,0.578,0.673,7,-13.156,1,0.0446,0.0968,8.33e-05,0.0927,0.721,119.786,spotify:track:0eDwzWuy2gf1RJzqWl0dkF,171573
Expose,Point Of No Return,13964,0.6,0.814,0,-9.411,1,0.0415,0.00342,0.00209,0.0605,0.873,120.037,spotify:track:0ozd432IdkUR3ItM8ieKt0,207867
Jack Wagner,Weatherman Says,13965,0.632,0.731,0,-11.406,1,0.0412,0.108,0.0,0.234,0.909,92.073,spotify:track:6rvurEAgXErYx4Itmbbvw8,270333
REO Speedwagon,Variety Tonight,13966,0.589,0.772,8,-10.449,0,0.0331,0.0105,0.0365,0.25,0.83,97.274,spotify:track:1NojchI3zrnQkJhO8blr5U,265200
Tina Turner,Break Every Rule,13967,0.653,0.625,3,-13.594,1,0.0285,0.00459,0.00256,0.0897,0.978,123.946,spotify:track:2uabJKR8oOhyk89TsfMxgu,242133
Lou Gramm,Ready Or Not,13968,0.725,0.792,9,-10.587,0,0.0371,0.0662,5.16e-05,0.122,0.906,116.909,spotify:track:4Rcn8yLTioFdy9NwGeuFOg,207187
The Truth,Weapons Of Love,13969,0.706,0.583,2,-13.352,1,0.0418,0.0155,0.0462,0.252,0.807,116.668,spotify:track:4MDQg3faAHdyoDFm0Qwh4N,230560
Debbie Gibson,Only In My Dreams,13970,0.612,0.796,8,-10.885,1,0.0395,0.124,0.00477,0.0888,0.895,124.854,spotify:track:03i9ehMBCqbxKw7wwEycFZ,233400
Survivor,Man Against The World,13971,0.628,0.462,5,-7.035,1,0.0261,0.463,0.0,0.337,0.253,97.61,spotify:track:194q6RR0JRyNKZPHiJIvaw,215800
Whitney Houston,I Wanna Dance With Somebody (Who Loves Me),13972,0.709,0.824,1,-8.824,1,0.0453,0.207,0.000307,0.0888,0.867,118.818,spotify:track:2tUBqZG2AbRi7Q0BIrVrEj,291293
Heart,Alone,13973,0.418,0.452,1,-13.099,1,0.0356,0.638,0.00026,0.0959,0.168,175.088,spotify:track:54b8qPFqYqIndfdxiLApea,218733
The Nylons,Kiss Him Goodbye,13975,0.7,0.76,6,-8.227,1,0.0684,0.151,0.0,0.0981,0.369,124.956,spotify:track:7B3gX7qlXO8lbAZRcU3xhq,214000
The Robert Cray Band,Right Next Door (Because Of Me),13976,0.538,0.726,0,-7.881,0,0.0362,0.359,0.00133,0.24,0.541,149.53,spotify:track:3yFDCucNxMEdDA9ba7v04b,361827
Tesla,Little Suzi,13977,0.55,0.719,2,-9.809,1,0.0387,0.0315,2.53e-06,0.115,0.358,89.975,spotify:track:5ihJU3sYiOaUhU5S4LRJBV,297000
Janet Jackson,The Pleasure Principle,13978,0.661,0.711,0,-11.037,1,0.0514,0.428,0.0221,0.132,0.889,116.836,spotify:track:1krKp0OXeCH6SI5SXl8tu5,297973
Nona Hendryx,Why Should I Cry?,13979,0.761,0.785,6,-14.423,1,0.0498,0.167,0.000504,0.0279,0.618,116.162,spotify:track:7HhPOs2zt5fq2h6HJtwSAL,346773
Surface,Happy,13980,0.792,0.494,0,-12.425,1,0.115,0.0352,0.00282,0.0513,0.647,97.635,spotify:track:3bgqIMHNehAZwhjckR3gc1,239827
Carly Simon,Give Me All Night,13981,0.611,0.565,0,-12.979,1,0.0253,0.0565,1.17e-06,0.28,0.688,107.413,spotify:track:1U3KVZbVXDqHt8ZRLrZSh0,261200
Mondo Rock,Primitive Love Rites,13982,0.486,0.962,7,-3.55,1,0.141,0.0024,0.00823,0.125,0.711,173.237,spotify:track:1An9Ozaa1lNAvMgwfFP1vj,290472
Gloria Estefan & Miami Sound Machine,Rhythm Is Gonna Get You,13984,0.782,0.855,4,-8.611,0,0.0365,0.197,0.0442,0.18,0.849,124.981,spotify:track:6302KY4zq4Bpx823hyk4Kk,235427
Motley Crue,"Girls, Girls, Girls",13985,0.6,0.931,7,-4.647,1,0.0734,0.0296,7.1e-05,0.392,0.542,140.123,spotify:track:5xLyTbCFONUGUuG0LtUxjn,270427
Robbie Nevil,Wot's It To Ya,13986,0.732,0.738,7,-12.224,1,0.0388,0.414,2.31e-06,0.504,0.921,91.576,spotify:track:71MtbBxubNeGjvr9McwfuP,227827
Prince,If I Was Your Girlfriend,13987,0.891,0.465,1,-13.696,1,0.128,0.418,0.00953,0.0867,0.79,96.767,spotify:track:2laui4O0tY1GDZcsB7iJtK,303504
Steve Winwood,Back In The High Life Again,13988,0.603,0.503,2,-14.862,1,0.0379,0.29,0.00128,0.135,0.647,168.512,spotify:track:1Bj6YgjjPbEb4jhQ50T8tJ,335840
Al Jarreau,Moonlighting (Theme),13989,0.666,0.828,1,-5.276,1,0.0303,0.223,1.86e-05,0.316,0.613,101.408,spotify:track:6RnEe2AkQIicLcRvwuGUmI,183973
Dan Fogelberg,She Don't Look Back,13990,0.672,0.756,4,-6.468,1,0.0395,0.0458,0.000102,0.0521,0.968,142.427,spotify:track:1WqjZLvhN1mjyPqrb6buG4,285067
Club Nouveau,Why You Treat Me So Bad,13991,0.674,0.59,7,-10.296,1,0.157,0.222,0.0,0.293,0.58,98.728,spotify:track:3cL9ivTyGpd7XMpB4Img2I,327640
Cutting Crew,One For The Mockingbird,13992,0.442,0.888,2,-10.059,1,0.039,0.0271,8.63e-05,0.79,0.529,144.24,spotify:track:6UORIC3F1w2Va3npZlEjY6,271227
The Whispers,Rock Steady,13993,0.927,0.832,10,-7.665,0,0.0604,0.0139,2.6e-06,0.0394,0.958,115.384,spotify:track:1YCsTFttuHAzgfEWKdOb9K,307773
Danny Wilson,Mary's Prayer,13994,0.682,0.571,0,-13.139,1,0.0367,0.235,0.0,0.116,0.657,135.109,spotify:track:6G3afsR0udhKnAU0Tut25j,234467
Suzanne Vega,Luka,13995,0.63,0.697,6,-10.654,1,0.0311,0.189,0.000258,0.116,0.796,124.956,spotify:track:5yMXAaSvxo12QkYU75Ixv0,231933
U2,I Still Haven't Found What I'm Looking For,13996,0.564,0.774,1,-9.424,1,0.0368,0.0135,0.00191,0.0861,0.657,100.894,spotify:track:6wpGqhRvJGNNXwWlPmkMyO,277477
Bryan Adams,Hearts On Fire,13997,0.562,0.743,11,-12.132,1,0.0412,0.0277,0.0,0.156,0.703,115.405,spotify:track:20HhDn0i0STNmkjgFqmvO5,210627
The Outfield,Since You've Been Gone,13999,0.491,0.834,2,-11.204,1,0.0571,0.26,1.07e-05,0.196,0.481,124.122,spotify:track:3BWOEIkW9H7tCr8wwjzOyf,286467
Cyndi Lauper,Boy Blue,14000,0.763,0.761,0,-7.401,1,0.0285,0.0653,0.0382,0.0903,0.907,119.861,spotify:track:3NInJlfnLUHYSParptiJIS,286587
Bruce Willis,Under The Boardwalk,14001,0.729,0.296,2,-14.321,0,0.0286,0.747,0.0,0.232,0.66,114.434,spotify:track:6a4mvE1CdiRMPyAvG8ByLN,183173
Poison,I Want Action,14002,0.466,0.967,10,-2.795,0,0.0989,0.00429,0.000834,0.315,0.448,147.036,spotify:track:3hetLCL51bTjUMRWYL8LSX,185560
Whitesnake,Still Of The Night,14004,0.334,0.854,4,-7.531,0,0.0494,0.00235,0.00114,0.158,0.284,100.175,spotify:track:40GS2O35HIqhOVCFZZTfFF,397768
Patty Smyth,Downtown Train,14005,0.703,0.706,11,-5.347,1,0.0349,0.317,1.84e-06,0.0483,0.642,130.339,spotify:track:4196mIkIdm4tVv9qxg0xe9,241907
Fleetwood Mac,Seven Wonders,14006,0.707,0.625,4,-9.529,1,0.0303,0.0259,5.42e-05,0.104,0.634,119.049,spotify:track:1VN2vWSkSmMKOhxr8lHzSx,222400
Sammy Hagar,Give To Live,14007,0.423,0.63,2,-9.778,1,0.0312,0.0129,5.86e-06,0.0479,0.393,153.945,spotify:track:0R8vaqcl7316PnMAWFTSK3,264093
Living In A Box,Living In A Box,14008,0.635,0.872,0,-12.744,1,0.0445,0.245,0.0637,0.31,0.927,111.03,spotify:track:2y5DTMrFIcZySlsIOL6N4N,186667
Jody Watley,Still A Thrill,14009,0.84,0.458,2,-13.245,1,0.062,0.151,0.25,0.148,0.968,109.924,spotify:track:6qMrM4U5bf8n06PgX0qkB0,281827
John Waite,These Times Are Hard For Lovers,14010,0.568,0.606,2,-11.699,0,0.0279,0.0226,0.0,0.146,0.731,110.694,spotify:track:5DdwTllBqV9AGrzfKrkwTH,255693
The Cure,Why Can't I Be You?,14011,0.629,0.949,0,-4.664,0,0.048,0.461,8.56e-06,0.0522,0.719,107.798,spotify:track:3RcrFgETR1QGjzV6ZzIRBy,194133
Aretha Franklin,Rock-A-Lott,14012,0.689,0.793,10,-11.373,0,0.0385,0.0545,4.53e-05,0.137,0.941,114.032,spotify:track:6S1nW26PI99DWPAQ8MvDnR,381120
Starship,It's Not Over ('til It's Over),14014,0.602,0.839,6,-6.452,1,0.101,0.00549,1.75e-06,0.151,0.58,129.091,spotify:track:2NwH11vRqwyAkNmdVNaKhu,257333
Jonathan Butler,Lies,14015,0.731,0.842,1,-5.815,1,0.0912,0.0538,1.61e-06,0.0443,0.747,92.395,spotify:track:11mtmXzK6ReWp5q4geRZlc,318000
Freddie Jackson,Jam Tonight,14016,0.771,0.318,5,-13.922,0,0.0365,0.222,0.0,0.103,0.789,111.507,spotify:track:5YW9gEJbEdAYNM3IeWtduo,272600
Los Lobos,La Bamba,14017,0.506,0.764,0,-12.239,1,0.046,0.144,0.00025,0.247,0.868,156.336,spotify:track:0uMMLry3hzWGn3q3loqMkm,174187
Will To Power,Dreamin',14018,0.775,0.583,9,-13.29,0,0.0433,0.0187,0.0416,0.0263,0.647,125.084,spotify:track:4L5ag9C1m1gEAPs5KC3yuy,249960
Kool & The Gang,Holiday,14020,0.68,0.91,0,-4.667,0,0.115,0.37,0.0,0.254,0.473,62.502,spotify:track:7z4wESZM7timqs0zfixgp1,250387
Whitesnake,Here I Go Again,14021,0.292,0.823,7,-6.763,1,0.0407,0.0117,7.79e-05,0.155,0.244,89.939,spotify:track:1qOU8KzFifXE9YrgjVwYvc,275395
Debbie Harry,In Love With Love,14022,0.779,0.73,1,-13.054,1,0.0725,0.000969,0.24,0.123,0.85,121.906,spotify:track:6aiysP8qrxGf62suXm6Mg5,433360
ABC,When Smokey Sings,14023,0.72,0.642,5,-14.487,1,0.0305,0.0627,0.0196,0.21,0.932,126.413,spotify:track:3TP1vAdEFdtOCwSS3Uy7dW,262373
Laura Branigan,Shattered Glass,14024,0.71,0.956,10,-5.531,1,0.0307,0.406,0.581,0.0673,0.905,120.109,spotify:track:2gloq2eJAV28piOxTVUaoC,221706
Night Ranger,Hearts Away,14025,0.235,0.469,0,-11.556,1,0.0367,0.34,5e-06,0.0943,0.13,148.568,spotify:track:1EoGhAN2v1m6EOE1bUOQmC,300733
The Fabulous Thunderbirds,Stand Back,14026,0.68,0.67,0,-8.459,1,0.113,0.0212,3.44e-05,0.112,0.812,121.054,spotify:track:31ksPwZxIJ2Q90ffsoK39V,216240
Madonna,Who's That Girl,14027,0.625,0.646,9,-13.592,0,0.0389,0.214,0.0533,0.0525,0.826,103.893,spotify:track:3G0NNqwQ1sqRpySr6soHlH,239173
Dionne Warwick & Jeffrey Osborne,Love Power,14028,0.781,0.607,0,-8.722,0,0.0289,0.259,7.23e-06,0.0515,0.62,116.146,spotify:track:01w6Mtzueznf69FnYz2Uqz,274133
Chicago,Niagara Falls,14033,0.609,0.771,3,-5.648,1,0.0256,0.00255,5.48e-05,0.134,0.609,101.893,spotify:track:2hguBbjR5p2oSfWGeLIOxf,225960
Huey Lewis & The News,Doing It All For My Baby,14035,0.378,0.604,0,-12.381,1,0.0322,0.257,0.0,0.238,0.8,91.679,spotify:track:4c6KvhVNtJSCgNV6HfFhln,219867
REO Speedwagon,In My Dreams,14036,0.623,0.38,11,-15.221,1,0.0309,0.0476,0.0,0.3,0.46,144.882,spotify:track:5ZeKZBB57EnctaXih6hJvE,270227
Smokey Robinson,One Heartbeat,14037,0.752,0.336,2,-15.097,1,0.0268,0.143,1.29e-06,0.0671,0.783,89.631,spotify:track:74mogflQPJsYtZWZQ9mFmM,247000
Hooters,Johnny B,14038,0.473,0.855,9,-6.221,0,0.0293,0.136,4.5e-05,0.292,0.521,91.744,spotify:track:20JrcZW9Djp70GZyFRrAfl,237467
Regina Belle,Show Me The Way,14039,0.589,0.631,11,-6.623,0,0.0253,0.518,0.0,0.523,0.539,89.188,spotify:track:2dtK0pUwhrG1HBR0gJUVGJ,249307
Kim Wilde,Say You Really Want Me,14040,0.699,0.642,10,-13.852,0,0.0416,0.14,0.0108,0.0512,0.847,106.782,spotify:track:1lemomv6vJ9UcHxMRDlNMJ,225534
Herb Alpert,Making Love In The Rain,14041,0.559,0.49,5,-12.983,0,0.0286,0.499,2.51e-05,0.365,0.466,80.228,spotify:track:2TwsT2UlDAkMn1xVwc7pJx,354973
Grateful Dead,Touch Of Grey,14042,0.612,0.696,11,-11.34,1,0.0353,0.0785,9.4e-06,0.14,0.849,159.829,spotify:track:0mJQlCl9YgxW7kyeltNiVk,350862
Alexander O'Neal,Fake,14044,0.735,0.694,6,-13.515,0,0.0348,0.0011,0.0521,0.218,0.755,112.846,spotify:track:3wN45r0Lz73AQcuvY2pdVe,235493
Natalie Cole,Jump Start,14045,0.79,0.701,5,-13.301,0,0.0528,0.239,0.000191,0.175,0.953,122.319,spotify:track:6gpHe5yD5LPEutwHgKFoIN,388267
Depeche Mode,Strangelove,14046,0.66,0.802,4,-7.889,0,0.043,0.195,0.00749,0.186,0.646,118.9,spotify:track:5FkW4djGNgTOL1yyXKq73H,296680
Amazulu,Montego Bay,14047,0.72,0.842,5,-8.076,1,0.0483,0.711,0.0,0.454,0.663,103.756,spotify:track:4L72i6hEd9AMPyToqdz3jv,182773
LL Cool J,I Need Love,14049,0.799,0.28,0,-20.749,1,0.301,0.0728,0.0,0.0842,0.67,88.224,spotify:track:519xI1wfOAJvHeV9kFdXaV,322733
Prince,U Got The Look,14050,0.822,0.583,9,-11.12,1,0.0596,0.108,5.76e-05,0.0553,0.693,122.337,spotify:track:1NAf61L4b3jFgLJhThTQ8B,226080
Europe,Carrie,14051,0.455,0.487,7,-7.112,1,0.0264,0.114,2.43e-06,0.358,0.139,136.482,spotify:track:29wJiSQcze8HEmxkUQykyp,272133
Lisa Lisa And Cult Jam,Lost In Emotion,14052,0.779,0.756,0,-9.47,1,0.0497,0.0236,0.012,0.0907,0.962,119.762,spotify:track:3zsyZzMZiKlFiiW1VnerX9,307600
Glenn Medeiros,Watching Over You,14053,0.645,0.306,7,-15.811,1,0.031,0.57,0.0,0.123,0.296,121.953,spotify:track:2b7FWqcerJ2w0RVzbR426l,252400
The Other Ones,Holiday,14054,0.485,0.812,11,-11.262,0,0.0331,0.0262,0.00447,0.12,0.821,83.583,spotify:track:6BOr4LUEiAeg0xUtsgZ6Ri,213800
Curiosity Killed The Cat,Misfit,14055,0.712,0.913,9,-5.299,0,0.0475,0.526,0.0,0.128,0.914,116.871,spotify:track:7a650uDexobOHVrUD1Crgf,241160
The Cover Girls,Spring Love,14057,0.657,0.895,10,-8.17,0,0.071,0.0547,0.000316,0.163,0.916,106.233,spotify:track:6UHBjt96oD39bSyIxVkMAa,249707
David Bowie,Never Let Me Down,14059,0.692,0.894,9,-6.598,0,0.0313,0.262,0.00229,0.154,0.854,110.249,spotify:track:4Isxh2Pb2UM6nodfWtCprx,245360
Level 42,Running In The Family,14061,0.816,0.647,11,-12.208,0,0.0414,0.232,0.0,0.132,0.935,124.833,spotify:track:1pTqpcvO02DUSzdN85loMZ,236560
Yello,Oh Yeah,14062,0.748,0.907,6,-7.844,1,0.0611,0.0038,0.812,0.041,0.769,132.61,spotify:track:1iOHLlEsMbgJfYBFWy4TjG,185043
Crowded House,World Where You Live,14063,0.572,0.455,2,-15.244,1,0.035,0.102,3.38e-06,0.172,0.905,110.422,spotify:track:6aInKHoFNCD7DPWUhFRfUE,184640
The Silencers,Painted Moon,14064,0.611,0.668,9,-10.164,1,0.0318,0.0705,0.486,0.08,0.251,125.264,spotify:track:2BOdEwU54cnQhWpAqMUQqg,365000
John Mellencamp,Paper In Fire,14065,0.607,0.905,4,-4.748,1,0.0427,0.00122,0.000276,0.0624,0.533,141.984,spotify:track:3fbVtEI5leNfYKvL7FxDz1,231200
Heart,Who Will You Run To,14066,0.601,0.73,2,-11.103,1,0.0361,0.203,2e-05,0.107,0.684,116.313,spotify:track:2G7ttyDosjWmunOYsNRm0C,246400
Expose,Let Me Be The One,14067,0.66,0.714,1,-10.606,0,0.0413,0.0336,0.0068,0.311,0.888,105.376,spotify:track:3h9RfFtjIw2Yb6Blogxnm4,260013
Atlantic Starr,One Lover At A Time,14068,0.779,0.723,1,-10.933,1,0.0387,0.143,0.00532,0.0277,0.962,115.596,spotify:track:4x9FjBv8S592Zz4WThER3Y,241107
Levert,Casanova,14069,0.711,0.844,4,-3.927,0,0.0891,0.0447,1.18e-05,0.0672,0.802,92.956,spotify:track:1O7hDH3rrF8eyLxrpeoOfb,262373
Swing Out Sister,Breakout,14070,0.704,0.557,4,-12.813,1,0.0316,0.175,0.00231,0.0631,0.777,113.194,spotify:track:5JsIknb4lyIKQCytjv0Uw5,226453
Pepsi & Shirlie,Heartache,14071,0.768,0.812,2,-6.165,1,0.0301,0.0401,8.51e-06,0.21,0.818,123.759,spotify:track:7fAG6OX2mIsIUQZHhY1RGk,217587
Mr. Mister,Something Real (Inside Me/Inside You),14072,0.605,0.75,6,-12.65,0,0.0368,0.381,0.000524,0.294,0.571,110.013,spotify:track:0GnZ9i0DsWh3Xq82qJ7zKB,261400
Bryan Adams,Victim Of Love,14073,0.457,0.491,0,-13.241,1,0.0332,0.00358,3.22e-06,0.235,0.411,143.614,spotify:track:73U7iE42GU9HCVtlbSQ2Fb,247040
Noel,Silent Morning,14074,0.744,0.815,11,-10.885,0,0.0378,0.0418,0.000942,0.0326,0.934,116.05,spotify:track:21brTVDh5Y3B3mA4z5yyaU,264467
Donna Summer,Dinner With Gershwin,14075,0.704,0.68,5,-11.864,0,0.0388,0.163,0.000144,0.0731,0.72,111.175,spotify:track:6rXTPwAPz9IvH4Qc5tIq2H,280160
Loverboy,Notorious,14076,0.43,0.946,2,-7.932,1,0.0506,0.017,0.000143,0.311,0.545,156.709,spotify:track:5JmRY65gYC2JZVCL9aZBik,279000
Def Leppard,Women,14077,0.52,0.916,2,-5.772,1,0.0392,0.00215,0.0236,0.318,0.388,86.414,spotify:track:2q1njJdxOMEClSnuBWGMJa,342510
Anita Baker,No One In The World,14078,0.595,0.557,10,-8.305,1,0.0253,0.543,0.0,0.176,0.415,90.177,spotify:track:3P8v2bYhgJ7Eba8Br6pr3H,246907
Great White,Rock Me,14079,0.557,0.415,6,-14.008,0,0.0406,0.159,0.0733,0.112,0.133,140.722,spotify:track:0u6toDywZABXlUBq76iPKW,439000
The Cars,You Are The Girl,14081,0.684,0.79,7,-10.247,1,0.035,0.049,0.000459,0.693,0.956,138.153,spotify:track:4Dvfdhc0DnWUSKZgDe6opm,233293
Fleetwood Mac,Little Lies,14082,0.643,0.655,2,-10.249,1,0.0256,0.217,0.000272,0.0462,0.878,124.731,spotify:track:6mqUY9VGsIQq0d6jfEOytQ,219800
Tiffany,I Think We're Alone Now,14084,0.752,0.723,7,-12.126,1,0.0507,0.025,0.00354,0.0212,0.94,130.519,spotify:track:4uvjOKsp7mSjrDhWdkLPBY,228840
Ray Parker Jr.,I Don't Think That Man Should Sleep Alone,14085,0.888,0.47,10,-13.834,0,0.0369,0.26,7.54e-05,0.0759,0.931,111.923,spotify:track:0l9efLkn7sbGgJ9J8TurgU,254867
Chris Rea,Let's Dance,14086,0.632,0.641,2,-6.906,1,0.0288,0.153,0.396,0.0548,0.927,161.373,spotify:track:2HDc1De9ZdPO1DDLao0iIw,247066
The Nylons,Happy Together,14087,0.69,0.591,6,-7.617,0,0.0334,0.224,0.00151,0.126,0.492,122.327,spotify:track:6GNJWdk0XDPdBMeJlpm2Lg,169733
Georgio,Tina Cherry,14088,0.823,0.617,10,-10.571,0,0.0599,0.0247,0.477,0.108,0.582,116.743,spotify:track:0f9tsjSv4fq9yaXDy1mYke,307813
Force M.D.'s,Love Is A House,14089,0.682,0.4,8,-15.69,1,0.0282,0.301,2.04e-05,0.0805,0.838,92.101,spotify:track:6uELBL2VmKoaGjtDYONrva,312160
Pet Shop Boys,It's A Sin,14091,0.538,0.86,0,-5.916,0,0.0435,0.252,0.000527,0.247,0.291,127.153,spotify:track:6IDHh3FcwLVcG5NsmpQgg2,299307
Billy Idol,Mony Mony,14092,0.701,0.758,1,-5.568,1,0.0405,0.004,0.0,0.13,0.344,135.188,spotify:track:3GfGTJ2xzC0rqKgdjNJLOC,300213
Poison,I Won't Forget You,14094,0.287,0.84,6,-3.947,1,0.0404,0.0551,0.0225,0.21,0.648,202.903,spotify:track:6WmVgLj2htklkU3SZOsItg,214373
Michael Bolton,That's What Love Is All About,14095,0.527,0.273,5,-15.253,1,0.0378,0.792,2.45e-05,0.124,0.17,121.79,spotify:track:3jfNEa2KqRxycjfmsocEih,237627
Madonna,Causing A Commotion,14097,0.771,0.749,5,-10.628,0,0.0401,0.216,0.00184,0.135,0.854,119.875,spotify:track:3sX3c6QUPSAiKf77RZRf5B,261667
U2,Where The Streets Have No Name,14098,0.49,0.724,2,-9.581,1,0.0366,0.00976,0.0046,0.159,0.292,125.812,spotify:track:4qgZs0RNjdzKAS22lP0QjY,337506
Mick Jagger,Let's Work,14099,0.584,0.983,0,-5.202,1,0.0605,0.0346,0.447,0.408,0.552,117.349,spotify:track:5amJrR2DUoxEHCMomzhgkE,291173
Taja Sevelle,Love Is Contagious,14100,0.716,0.56,0,-8.635,1,0.0298,0.134,0.000291,0.0899,0.734,110.957,spotify:track:0V1ttEDFkz1d3w59nLqnUI,277173
Wa Wa Nee,Sugar Free,14101,0.714,0.781,0,-8.447,1,0.045,0.033,2.63e-05,0.0472,0.891,117.993,spotify:track:73KQ4isae3B5iTolmTeEVZ,260467
Los Lobos,"Come On, Let's Go",14102,0.41,0.814,9,-9.053,1,0.0373,0.104,0.00613,0.0959,0.766,176.35,spotify:track:7lAVmqRbm79nGN4auDjJ9b,119960
Suzanne Vega,Solitude Standing,14103,0.57,0.63,11,-12.985,0,0.0268,0.147,0.236,0.0717,0.945,146.264,spotify:track:3XfjgqBGTmgzl8XencUM2e,289427
Michael Jackson,Bad,14104,0.787,0.889,8,-3.786,1,0.0397,0.00462,0.423,0.0665,0.394,114.091,spotify:track:5lWFrW5T3JtxVCLDb7etPu,247360
Wendy And Lisa,Waterfall,14105,0.661,0.8,6,-9.244,1,0.0359,0.0897,0.000152,0.0535,0.879,119.159,spotify:track:0i6vxP7VXmi1pIepsIkydF,301907
Squeeze,Hourglass,14106,0.732,0.545,5,-11.745,1,0.031,0.22,0.0,0.323,0.971,125.932,spotify:track:5Y6HTd7VB0O8Aki4EvmB4x,197107
Bee Gees,You Win Again,14107,0.547,0.831,11,-11.298,0,0.0319,0.0874,8.34e-06,0.222,0.909,168.581,spotify:track:5mwzpzRue1SBWwrbbhXfbf,241400
R.E.M.,The One I Love,14108,0.488,0.84,2,-4.626,1,0.0356,0.000395,1.21e-06,0.346,0.559,127.862,spotify:track:2fdfsGuqb6SBX5ocoBWHUd,197800
Timothy B. Schmit,Boys Night Out,14109,0.717,0.425,2,-14.403,0,0.0301,0.135,0.0,0.231,0.534,95.856,spotify:track:1lhNi9EEYs8HvBoBC9RZlf,276827
Eddie Money,We Should Be Sleeping,14110,0.559,0.719,9,-10.685,1,0.0548,0.00208,0.0,0.539,0.67,117.044,spotify:track:5SiBwhJY4PDLekb0HDlygl,235640
Belinda Carlisle,Heaven Is A Place On Earth,14112,0.64,0.81,4,-10.19,1,0.033,0.031,2.22e-06,0.0492,0.804,122.868,spotify:track:58mFu3oIpBa0HLNeJIxsw3,247293
Starship,Beat Patrol,14114,0.633,0.88,8,-6.566,1,0.0473,0.0438,0.000196,0.0741,0.976,154.056,spotify:track:6y4zeRB8JhTeQVF5ALpnSF,265667
The Monkees,Heart And Soul,14117,0.682,0.73,5,-6.215,1,0.0293,0.00333,0.0,0.0481,0.718,120.73,spotify:track:7wE2Zi0hpSnO9O9l5Yf6jF,235413
KISS,Crazy Crazy Nights,14119,0.591,0.87,7,-6.381,1,0.0652,0.409,0.0,0.718,0.747,121.682,spotify:track:3YSfGJNDtF8KrHlwCAaVns,227600
Bruce Springsteen,Brilliant Disguise,14120,0.703,0.726,9,-12.438,1,0.029,0.152,1.45e-06,0.0319,0.949,126.353,spotify:track:0nqbZ17t9v52SCemAm1QP0,254840
Yes,Love Will Find A Way,14121,0.593,0.887,11,-7.359,0,0.0318,0.195,0.00047,0.332,0.669,118.402,spotify:track:5B8sDKrg4VN8etjH0vFz40,289733
Debbie Gibson,Shake Your Love,14122,0.783,0.747,11,-10.681,0,0.0478,0.405,0.0,0.0568,0.83,120.551,spotify:track:6gM3uxq9TPkms83bTSlK10,222933
Hooters,Satellite,14123,0.487,0.878,7,-5.605,1,0.0316,0.0564,0.000119,0.163,0.32,104.136,spotify:track:46Jsh7QvWw3JKZnjP8tUfB,254840
Aerosmith,Dude (Looks Like A Lady),14125,0.54,0.982,4,-2.962,0,0.0458,0.435,3.37e-05,0.0457,0.91,126.294,spotify:track:6gQUbFwwdYXlKdmqRoWKJe,265773
Sting,We'll Be Together,14126,0.794,0.75,5,-4.952,1,0.0389,0.462,2.52e-05,0.716,0.961,119.942,spotify:track:2lj2TZc3z9jnuZPwqFLZXQ,239554
Def Leppard,Animal,14127,0.583,0.921,11,-5.215,1,0.0468,0.00153,0.0178,0.188,0.613,119.526,spotify:track:4qjscZh4jfhkpcQG4ZQfi2,244560
Pink Floyd,Learning To Fly,14129,0.441,0.56,0,-13.681,1,0.0361,0.25,0.0296,0.151,0.476,166.585,spotify:track:3ieDOGcOqVxScs2VZBzidt,292080
Samantha Fox,Nothing's Gonna Stop Me Now,14131,0.669,0.948,10,-4.948,0,0.0622,0.117,0.00255,0.0728,0.9,122.012,spotify:track:63znppPuvmma2IcQNe9F7p,225147
Taylor Dayne,Tell It To My Heart(Dub),14132,0.701,0.987,1,-6.718,1,0.0757,0.00706,0.0559,0.33,0.935,119.104,spotify:track:28fHjGEDS9P4uLah3tN77i,346813
The Cure,Just Like Heaven,14133,0.43,0.971,9,-3.845,1,0.0524,0.0271,2.16e-05,0.185,0.764,151.219,spotify:track:76GlO5H5RT6g7y0gev86Nk,212000
Stevie Wonder,Skeletons,14134,0.82,0.569,1,-8.178,1,0.0366,0.00506,0.000859,0.0542,0.727,99.843,spotify:track:1rSNovBH6dY2BwW6VdepSS,296720
The Jets,I Do You,14135,0.825,0.603,9,-8.24,1,0.0731,0.114,0.00014,0.0261,0.931,122.203,spotify:track:1x3Cgm0OyeembVTCjEEBbC,218200
Kool & The Gang,Special Way,14136,0.617,0.186,6,-19.603,1,0.0347,0.0287,0.000467,0.0742,0.161,76.015,spotify:track:0i74hCilU2AmXjYSbr2N6B,327800
Living In A Box,So The Story Goes,14137,0.648,0.724,8,-13.568,0,0.0437,0.0753,0.00051,0.0282,0.89,101.02,spotify:track:2DsBDML9W0jYUkTCSUUvDC,262173
Big Trouble,Crazy World,14138,0.667,0.815,2,-6.706,1,0.0609,0.102,6.19e-05,0.078,0.674,105.391,spotify:track:06IgljQDwPRuZmkQgcO0jU,220467
Icehouse,Crazy,14140,0.516,0.949,5,-3.512,1,0.125,0.0162,0.0045,0.319,0.367,115.593,spotify:track:4tmXsNoNOk37DPBhVk5wK1,203920
Whitesnake,Is This Love,14141,0.263,0.759,0,-7.288,1,0.0431,0.0555,0.0,0.231,0.429,179.904,spotify:track:0IhUdJRoolbYeEMPL59XPm,284496
George Michael,Faith,14142,0.887,0.48,11,-11.994,1,0.117,0.0094,3.58e-05,0.0662,0.607,95.846,spotify:track:0HEmnAUT8PHznIAAmVXqFJ,193200
George Harrison,Got My Mind Set On You,14143,0.767,0.854,4,-6.947,1,0.0426,0.465,2.03e-06,0.485,0.963,149.206,spotify:track:3OeUlriM0EZHdWleJtjoVr,234653
John Mellencamp,Cherry Bomb,14144,0.744,0.945,7,-3.266,1,0.0286,0.0509,1.41e-06,0.0435,0.961,113.882,spotify:track:43oPpqzWPSZmeiwYicmzjG,287107
Sammy Hagar,Eagles Fly,14145,0.327,0.688,7,-11.392,1,0.0433,0.09,2.69e-05,0.0673,0.321,185.36,spotify:track:1bTn7ONbArYvBBVjJA0uar,300973
Simon F,American Dream,14146,0.272,0.007,10,-26.01,1,0.0398,0.995,0.843,0.0642,0.144,74.518,spotify:track:7nQO4PmUfkC4dcI6ecFqhN,240600
INXS,Need You Tonight,14147,0.801,0.723,10,-4.985,0,0.0689,0.0713,0.154,0.0675,0.883,109.03,spotify:track:5eU8qMd0TpaLqTGDZJaLDs,180518
New Order,True Faith,14148,0.607,0.923,0,-5.919,1,0.0351,0.265,0.011,0.338,0.948,117.228,spotify:track:0U0IucKsKr95nk9UnPQYom,252053
Laura Branigan,Power Of Love,14150,0.408,0.581,7,-7.926,1,0.0365,0.436,0.000239,0.145,0.212,137.028,spotify:track:431HgPSwQBZOtcEnAFMDyM,325253
Whitney Houston,So Emotional,14151,0.698,0.791,11,-10.012,0,0.0495,0.271,4.74e-05,0.199,0.809,119.081,spotify:track:4l2Edgdj4vla02GCh7YyAv,276667
Beau Coup,Sweet Rachel,14153,0.569,0.759,2,-11.291,1,0.0306,0.124,2.86e-06,0.239,0.684,90.974,spotify:track:4tiuVzLFpRMXCKZG6br9Ox,229467
Men Without Hats,Pop Goes The World,14155,0.664,0.776,0,-10.832,1,0.0352,0.0145,0.0431,0.0563,0.83,146.0,spotify:track:5bO9BtgCnDc27XUM3T4m91,232625
"Earth, Wind & Fire",System Of Survival,14156,0.768,0.706,10,-12.976,1,0.0446,0.131,0.0006,0.366,0.887,120.92,spotify:track:0PWpenS4tZEHeOlS5Rt67L,300360
Elton John,Candle In The Wind,14157,0.602,0.536,4,-9.74,1,0.0288,0.183,1.9e-05,0.0802,0.506,124.558,spotify:track:1L9fzw2pXprOqtemTwtxXF,228933
Heart,There's The Girl,14158,0.586,0.814,11,-12.941,0,0.0314,0.271,0.0,0.338,0.71,130.392,spotify:track:5qMNvVFTJoTLkaXbudbVNF,230067
Natalie Cole,I Live For Your Love,14162,0.327,0.361,6,-9.431,1,0.0319,0.864,0.117,0.13,0.168,84.525,spotify:track:01tKbq9PNJVgmmUvb7skOP,267067
Stryper,Honestly,14164,0.446,0.432,3,-11.194,1,0.0268,0.302,0.00668,0.17,0.129,79.856,spotify:track:66POKxMki5FryEYtHBZ5GZ,247600
The Bangles,Hazy Shade Of Winter,14166,0.481,0.866,5,-7.143,0,0.0446,0.00892,0.0,0.097,0.426,150.427,spotify:track:0P2vAvvWni2tNXOdbH3JFk,167160
Prince,I Could Never Take The Place Of Your Man,14167,0.62,0.775,0,-9.528,1,0.0276,0.0475,0.0348,0.213,0.772,147.804,spotify:track:1tYLo4i7MAW4OW2J3OpOJD,388896
Roger,I Want To Be Your Man,14169,0.557,0.607,5,-9.316,0,0.0551,0.0376,0.0,0.0635,0.457,81.648,spotify:track:3C6xVHlZ8Z7cAzt63xdxH3,249867
Smokey Robinson,What's Too Much,14170,0.813,0.342,8,-16.599,0,0.051,0.236,0.0,0.0495,0.93,137.74,spotify:track:6LH38mCJXPW2AFkLqAA1i0,263200
The Cars,Strap Me In,14172,0.551,0.805,9,-9.16,0,0.0365,0.101,0.0223,0.268,0.581,112.082,spotify:track:0fGxULfiyfL8M4SxwaDLU4,264573
Alexander O'Neal,Criticize,14173,0.659,0.759,11,-12.455,0,0.0436,0.0792,1.09e-06,0.0564,0.74,116.943,spotify:track:18ZRmY7kNZQQHpopsSVxwJ,247400
Michael Jackson,The Way You Make Me Feel,14174,0.877,0.854,1,-4.523,1,0.147,0.0544,5.5e-05,0.144,0.54,114.472,spotify:track:0sKlV58cODrjxGFOyf9IXY,298120
Salt-N-Pepa,Push It,14175,0.913,0.596,11,-12.477,0,0.0707,0.00658,0.00349,0.078,0.973,127.215,spotify:track:6sT9MWlJManry3EQwf4V80,272133
Bananarama,I Can't Help It,14176,0.702,0.983,9,-5.904,0,0.0543,0.0314,0.0811,0.135,0.64,120.138,spotify:track:3rpjb7tVekteT7iBeRzI5W,210733
Cher,I Found Someone,14177,0.538,0.604,2,-10.936,0,0.0262,0.557,0.0,0.162,0.373,102.839,spotify:track:7cm9QkrwSWH0scegcO8XZ2,223160
Deja,You And Me Tonight,14180,0.638,0.799,5,-6.399,0,0.0404,0.579,6.77e-05,0.257,0.899,111.933,spotify:track:7FtORS5qspEVqRGLTgLYwv,217459
Expose,Seasons Change,14181,0.599,0.618,9,-10.795,0,0.0322,0.223,0.00017,0.326,0.737,174.244,spotify:track:0f24hVOA4gLM8imuvoQ0Uh,256800
Fleetwood Mac,Everywhere,14182,0.73,0.487,4,-10.991,1,0.0303,0.258,0.01,0.0852,0.731,114.965,spotify:track:254bXAqt3zP6P50BdQvEsq,226653
Mick Jagger,Throwaway,14183,0.623,0.923,9,-6.823,1,0.066,0.0994,0.00176,0.605,0.7,129.884,spotify:track:0QCj7ygKQB5LiMVqNvZuKM,303800
Tiffany,Could've Been,14184,0.361,0.35,11,-8.081,1,0.0301,0.401,0.0117,0.205,0.228,95.83,spotify:track:5HNstg5iwAVAa0xT83pWTN,217560
Europe,Cherokee,14185,0.585,0.804,4,-6.205,0,0.044,0.0246,1.07e-06,0.179,0.673,111.118,spotify:track:2Gah9qQMVdxCZJllU9HmnZ,252933
Tony Terry,She's Fly,14186,0.69,0.743,10,-10.746,0,0.0636,0.0217,0.0621,0.0754,0.676,99.739,spotify:track:6Fp16DPgj9bM3EGJpVQF9O,362293
The Cover Girls,Because Of You,14188,0.616,0.921,2,-5.299,1,0.0788,0.00406,2.36e-05,0.343,0.468,122.933,spotify:track:775XMFgiUiKJqVnRAJCWAP,163893
M/A/R/R/S,Pump Up The Volume,14189,0.765,0.592,7,-15.634,1,0.0631,0.000924,0.578,0.0484,0.52,113.236,spotify:track:6LERtd1yiclxFH8MHAqr0Q,389067
Bruce Springsteen,Tunnel Of Love,14190,0.587,0.675,5,-11.787,1,0.0366,0.0501,0.00243,0.479,0.664,116.954,spotify:track:2rUHBIfbMBB92n1gSfSqwF,309760
Foreigner,Say You Will,14191,0.72,0.72,3,-7.383,0,0.0264,0.195,0.0,0.0448,0.636,126.041,spotify:track:5nW7RbN0mBLPts9CURNwdy,255653
U2,In God's Country,14192,0.497,0.704,2,-8.085,1,0.0324,0.0071,6.69e-05,0.783,0.607,125.919,spotify:track:1AQYE6CcYKlzM8e9Df5i1g,176597
KISS,Reason To Live,14194,0.497,0.692,5,-7.071,1,0.032,0.579,1.98e-05,0.0828,0.48,92.94,spotify:track:3onHM3etsRdtbTS7cgwkNb,240267
Rick Astley,Never Gonna Give You Up,14197,0.721,0.939,8,-11.823,1,0.0376,0.115,3.79e-05,0.108,0.914,113.309,spotify:track:4cOdK2wGLETKBW3PvgPWqT,213573
Squeeze,853-5937,14198,0.721,0.433,2,-13.231,1,0.0275,0.537,0.0,0.179,0.729,103.934,spotify:track:4fgdmao6qyUZRE1M2HapES,197173
Yes,Rhythm Of Love,14200,0.572,0.834,2,-5.754,1,0.0348,0.0405,0.000461,0.139,0.343,124.508,spotify:track:7Jgz1CgFVfBmtYJ1lc0UXa,292173
Eurythmics,I Need A Man,14201,0.697,0.945,7,-4.87,1,0.0571,0.0462,1.01e-05,0.0906,0.72,126.329,spotify:track:2DlpVY9jR43GlK2M6XYcgM,264333
Glenn Medeiros,Lonely Won't Leave Me Alone,14202,0.61,0.485,2,-12.005,1,0.029,0.327,0.0,0.071,0.507,130.945,spotify:track:0EjkSXPIm1WfCjMrgEpZlH,266893
The Alarm,Rain In The Summertime,14203,0.531,0.924,10,-7.534,1,0.0371,0.000246,1.14e-05,0.389,0.615,108.057,spotify:track:6PiAmx478XYbJKZoCDCjrb,314840
Swing Out Sister,Twilight World,14204,0.762,0.596,8,-12.11,0,0.0291,0.293,0.1,0.332,0.932,113.17,spotify:track:52LRCeDADRBJmxqoT562yK,389387
Dokken,Burning Like A Flame,14205,0.488,0.926,7,-5.724,1,0.0654,0.00165,0.0,0.361,0.401,138.231,spotify:track:5O5pZhWTQ6VwxU0ZTGX84C,284533
Depeche Mode,Never Let Me Down Again,14207,0.581,0.886,0,-6.505,1,0.0324,0.279,0.0297,0.691,0.586,106.067,spotify:track:2H1BmB1b6Px9KJXIUpD03u,290493
